{"max_depth": 4, "n_trees": 10, "n_classes": 2, "n_features": 10, "trees": [[{"feature": [0, 2, 0, 1, 1, 1, 0, 4, 3, 1, 2, 2, 2, 2, 5, -2, -2, -2, -2, -2, -2, -2, -2, -2, -2, -2, -2, -2, -2, -2, -2], "threshold": [0.000703328056, 0.332558006, 0.000770003942, 0.000253851322, 0.000915614248, 0.000717727817, 0.000839613494, 0.000354546646, 0.606267035, 0.000458945113, 0.370667517, 0.335158229, 0.360170245, 0.325569779, 0.065505147, 0, 0, 0, 0, 0, 0, 0, 0, 0, 0, 0, 0, 0, 0, 0, 0], "children_left": [1, 3, 5, 7, 9, 11, 13, 15, 17, 19, 21, 23, 25, 27, 29, -1, -1, -1, -1, -1, -1, -1, -1, -1, -1, -1, -1, -1, -1, -1, -1], "children_right": [2, 4, 6, 8, 10, 12, 14, 16, 18, 20, 22, 24, 26, 28, 30, -1, -1, -1, -1, -1, -1, -1, -1, -1, -1, -1, -1, -1, -1, -1, -1], "value": [0, 0, 0, 0, 0, 0, 0, 0, 0, 0, 0, 0, 0, 0, 0, 0.53555876, -0.329128295, 0.591878235, -0.404340923, -0.574426353, -0.388328284, 0.41751039, -0.262071699, -0.338589638, -0.573192477, 0.436846167, -0.396483034, -0.265563816, -0.564068913, -0.547571778, -0.597415924], "parent": [-1, 0, 0, 1, 1, 2, 2, 3, 3, 4, 4, 5, 5, 6, 6, 7, 7, 8, 8, 9, 9, 10, 10, 11, 11, 12, 12, 13, 13, 14, 14], "depth": [0, 1, 1, 2, 2, 2, 2, 3, 3, 3, 3, 3, 3, 3, 3, 4, 4, 4, 4, 4, 4, 4, 4, 4, 4, 4, 4, 4, 4, 4, 4], "iLeaf": [15, 16, 17, 18, 19, 20, 21, 22, 23, 24, 25, 26, 27, 28, 29, 30]}], [{"feature": [0, 2, 0, 1, 1, 1, 5, 4, 6, 2, 2, 1, 2, 1, 1, -2, -2, -2, -2, -2, -2, -2, -2, -2, -2, -2, -2, -2, -2, -2, -2], "threshold": [0.000697391108, 0.340182066, 0.000764848548, 0.000371906266, 0.000911463576, 0.000789736281, 0.0793383047, 0.000432594563, 0.496245623, 0.368543386, 0.404860675, 0.000358026533, 0.336646527, 0.000582885812, 0.00285057211, 0, 0, 0, 0, 0, 0, 0, 0, 0, 0, 0, 0, 0, 0, 0, 0], "children_left": [1, 3, 5, 7, 9, 11, 13, 15, 17, 19, 21, 23, 25, 27, 29, -1, -1, -1, -1, -1, -1, -1, -1, -1, -1, -1, -1, -1, -1, -1, -1], "children_right": [2, 4, 6, 8, 10, 12, 14, 16, 18, 20, 22, 24, 26, 28, 30, -1, -1, -1, -1, -1, -1, -1, -1, -1, -1, -1, -1, -1, -1, -1, -1], "value": [0, 0, 0, 0, 0, 0, 0, 0, 0, 0, 0, 0, 0, 0, 0, 0.394406229, -0.193612903, -0.0194158405, 0.460030645, -0.338558376, -0.459011644, 0.21698609, -0.317641824, -0.430070281, -0.173230529, 0.378736287, -0.190694973, -0.441411018, -0.0838188007, -0.46207574, -0.316110015], "parent": [-1, 0, 0, 1, 1, 2, 2, 3, 3, 4, 4, 5, 5, 6, 6, 7, 7, 8, 8, 9, 9, 10, 10, 11, 11, 12, 12, 13, 13, 14, 14], "depth": [0, 1, 1, 2, 2, 2, 2, 3, 3, 3, 3, 3, 3, 3, 3, 4, 4, 4, 4, 4, 4, 4, 4, 4, 4, 4, 4, 4, 4, 4, 4], "iLeaf": [15, 16, 17, 18, 19, 20, 21, 22, 23, 24, 25, 26, 27, 28, 29, 30]}], [{"feature": [0, 2, 0, 1, 1, 1, 0, 4, 3, 1, 2, 7, 2, 2, 0, -2, -2, -2, -2, -2, -2, -2, -2, -2, -2, -2, -2, -2, -2, -2, -2], "threshold": [0.000707219297, 0.323026508, 0.000802433991, 0.0001700375, 0.00120292266, 0.000579449581, 0.000910258619, 0.000325894856, 0.419134915, 0.000622221385, 0.370667517, 0.0301144514, 0.360191584, 0.320468903, 0.00101817679, 0, 0, 0, 0, 0, 0, 0, 0, 0, 0, 0, 0, 0, 0, 0, 0], "children_left": [1, 3, 5, 7, 9, 11, 13, 15, 17, 19, 21, 23, 25, 27, 29, -1, -1, -1, -1, -1, -1, -1, -1, -1, -1, -1, -1, -1, -1, -1, -1], "children_right": [2, 4, 6, 8, 10, 12, 14, 16, 18, 20, 22, 24, 26, 28, 30, -1, -1, -1, -1, -1, -1, -1, -1, -1, -1, -1, -1, -1, -1, -1, -1], "value": [0, 0, 0, 0, 0, 0, 0, 0, 0, 0, 0, 0, 0, 0, 0, 0.360115528, -0.266726345, -0.566511095, 0.396143049, -0.373817444, -0.119338065, 0.324139595, -0.113549523, -0.378517151, -0.159147412, 0.269364327, -0.290899038, -0.162186742, -0.383457094, -0.391492963, -0.403215677], "parent": [-1, 0, 0, 1, 1, 2, 2, 3, 3, 4, 4, 5, 5, 6, 6, 7, 7, 8, 8, 9, 9, 10, 10, 11, 11, 12, 12, 13, 13, 14, 14], "depth": [0, 1, 1, 2, 2, 2, 2, 3, 3, 3, 3, 3, 3, 3, 3, 4, 4, 4, 4, 4, 4, 4, 4, 4, 4, 4, 4, 4, 4, 4, 4], "iLeaf": [15, 16, 17, 18, 19, 20, 21, 22, 23, 24, 25, 26, 27, 28, 29, 30]}], [{"feature": [0, 1, 0, 2, 2, 1, 5, 7, 7, 3, 1, 7, 2, 1, 1, -2, -2, -2, -2, -2, -2, -2, -2, -2, -2, -2, -2, -2, -2, -2, -2], "threshold": [0.00068989594, 0.000643459614, 0.000777998473, 0.301850021, 0.357288957, 0.000540004112, 0.0737784952, 0.0109000057, 0.01406084, 0.609036446, 0.00222011376, 0.0142255668, 0.31720686, 0.00050772843, 0.00426962785, 0, 0, 0, 0, 0, 0, 0, 0, 0, 0, 0, 0, 0, 0, 0, 0], "children_left": [1, 3, 5, 7, 9, 11, 13, 15, 17, 19, 21, 23, 25, 27, 29, -1, -1, -1, -1, -1, -1, -1, -1, -1, -1, -1, -1, -1, -1, -1, -1], "children_right": [2, 4, 6, 8, 10, 12, 14, 16, 18, 20, 22, 24, 26, 28, 30, -1, -1, -1, -1, -1, -1, -1, -1, -1, -1, -1, -1, -1, -1, -1, -1], "value": [0, 0, 0, 0, 0, 0, 0, 0, 0, 0, 0, 0, 0, 0, 0, -0.0287519488, 0.32035023, -0.35750407, -0.118565641, 0.364562541, -0.593852341, -0.215829432, 0.387573928, -0.345081568, -0.12997435, 0.286394, -0.122290775, -0.339857399, -0.0205406845, -0.364298671, -0.089609094], "parent": [-1, 0, 0, 1, 1, 2, 2, 3, 3, 4, 4, 5, 5, 6, 6, 7, 7, 8, 8, 9, 9, 10, 10, 11, 11, 12, 12, 13, 13, 14, 14], "depth": [0, 1, 1, 2, 2, 2, 2, 3, 3, 3, 3, 3, 3, 3, 3, 4, 4, 4, 4, 4, 4, 4, 4, 4, 4, 4, 4, 4, 4, 4, 4], "iLeaf": [15, 16, 17, 18, 19, 20, 21, 22, 23, 24, 25, 26, 27, 28, 29, 30]}], [{"feature": [0, 1, 0, 4, 2, 1, 0, 2, 7, 3, 1, 2, 4, 2, 4, -2, -2, -2, -2, -2, -2, -2, -2, -2, -2, -2, -2, -2, -2, -2, -2], "threshold": [0.00068798149, 0.000501940958, 0.000803797971, 0.000572638121, 0.348954856, 0.00114730082, 0.000917885685, 0.314262211, 0.0150300981, 0.606267035, 0.00172581698, 0.352928698, 0.00503743207, 0.320468903, 0.00187450089, 0, 0, 0, 0, 0, 0, 0, 0, 0, 0, 0, 0, 0, 0, 0, 0], "children_left": [1, 3, 5, 7, 9, 11, 13, 15, 17, 19, 21, 23, 25, 27, 29, -1, -1, -1, -1, -1, -1, -1, -1, -1, -1, -1, -1, -1, -1, -1, -1], "children_right": [2, 4, 6, 8, 10, 12, 14, 16, 18, 20, 22, 24, 26, 28, 30, -1, -1, -1, -1, -1, -1, -1, -1, -1, -1, -1, -1, -1, -1, -1, -1], "value": [0, 0, 0, 0, 0, 0, 0, 0, 0, 0, 0, 0, 0, 0, 0, 0.278059006, -0.234704882, -0.319239199, 0.0156999063, 0.340262145, -0.478764683, -0.159570664, 0.254121304, -0.0702210814, -0.319589317, 0.290958941, -0.218047276, -0.0592720471, -0.316067547, -0.34721908, -0.333061457], "parent": [-1, 0, 0, 1, 1, 2, 2, 3, 3, 4, 4, 5, 5, 6, 6, 7, 7, 8, 8, 9, 9, 10, 10, 11, 11, 12, 12, 13, 13, 14, 14], "depth": [0, 1, 1, 2, 2, 2, 2, 3, 3, 3, 3, 3, 3, 3, 3, 4, 4, 4, 4, 4, 4, 4, 4, 4, 4, 4, 4, 4, 4, 4, 4], "iLeaf": [15, 16, 17, 18, 19, 20, 21, 22, 23, 24, 25, 26, 27, 28, 29, 30]}], [{"feature": [0, 1, 5, 2, 2, 1, 1, 3, 7, 5, 2, 7, 2, 5, 0, -2, -2, -2, -2, -2, -2, -2, -2, -2, -2, -2, -2, -2, -2, -2, -2], "threshold": [0.000722329598, 0.000824991032, 0.0825476199, 0.298435003, 0.358560622, 0.000389865163, 0.00285057211, 0.580333829, 0.0143765463, 0.1262739, 0.43528986, 0.0158358812, 0.339140654, 0.101573601, 0.000927100074, 0, 0, 0, 0, 0, 0, 0, 0, 0, 0, 0, 0, 0, 0, 0, 0], "children_left": [1, 3, 5, 7, 9, 11, 13, 15, 17, 19, 21, 23, 25, 27, 29, -1, -1, -1, -1, -1, -1, -1, -1, -1, -1, -1, -1, -1, -1, -1, -1], "children_right": [2, 4, 6, 8, 10, 12, 14, 16, 18, 20, 22, 24, 26, 28, 30, -1, -1, -1, -1, -1, -1, -1, -1, -1, -1, -1, -1, -1, -1, -1, -1], "value": [0, 0, 0, 0, 0, 0, 0, 0, 0, 0, 0, 0, 0, 0, 0, 0.201976731, -0.273251474, -0.287404537, -0.0687569752, 0.324320793, -1.23403573, 0.0240980554, -0.36240238, -0.313512325, -0.151466578, 0.249112248, -0.193345979, -0.284256786, -0.330878079, 0.270352989, -0.258987129], "parent": [-1, 0, 0, 1, 1, 2, 2, 3, 3, 4, 4, 5, 5, 6, 6, 7, 7, 8, 8, 9, 9, 10, 10, 11, 11, 12, 12, 13, 13, 14, 14], "depth": [0, 1, 1, 2, 2, 2, 2, 3, 3, 3, 3, 3, 3, 3, 3, 4, 4, 4, 4, 4, 4, 4, 4, 4, 4, 4, 4, 4, 4, 4, 4], "iLeaf": [15, 16, 17, 18, 19, 20, 21, 22, 23, 24, 25, 26, 27, 28, 29, 30]}], [{"feature": [0, 1, 0, 4, 2, 1, 0, 1, 3, 6, 1, 7, 2, 2, 5, -2, -2, -2, -2, -2, -2, -2, -2, -2, -2, -2, -2, -2, -2, -2, -2],