{"max_depth": 4, "n_trees": 10, "n_classes": 2, "n_features": 10, "trees": [[{"feature": [0, 1, 0, 2, 2, 1, 0, 7, 7, 3, 1, 1, 2, 1, 5, -2, -2, -2, -2, -2, -2, -2, -2, -2, -2, -2, -2, -2, -2, -2, -2], "threshold": [0.078125, 6.375, 0.171875, 0.0029296875, 0.0048828125, 10.625, 0.296875, 13.625, 17.875, 10.5, 36.875, 5.875, 0.0029296875, 9.125, 16.5, 0, 0, 0, 0, 0, 0, 0, 0, 0, 0, 0, 0, 0, 0, 0, 0], "children_left": [1, 3, 5, 7, 9, 11, 13, 15, 17, 19, 21, 23, 25, 27, 29, -1, -1, -1, -1, -1, -1, -1, -1, -1, -1, -1, -1, -1, -1, -1, -1], "children_right": [2, 4, 6, 8, 10, 12, 14, 16, 18, 20, 22, 24, 26, 28, 30, -1, -1, -1, -1, -1, -1, -1, -1, -1, -1, -1, -1, -1, -1, -1, -1], "value": [0, 0, 0, 0, 0, 0, 0, 0, 0, 0, 0, 0, 0, 0, 0, -0.0346931517, 0.435883969, -0.559285283, -0.394629419, 0.588079631, -0.554562628, -0.550440431, 0.105620749, -0.548011541, -0.271393329, 0.533511758, 0.0196027886, -0.555460036, -0.20581615, -0.545141757, -0.597242296], "parent": [-1, 0, 0, 1, 1, 2, 2, 3, 3, 4, 4, 5, 5, 6, 6, 7, 7, 8, 8, 9, 9, 10, 10, 11, 11, 12, 12, 13, 13, 14, 14], "depth": [0, 1, 1, 2, 2, 2, 2, 3, 3, 3, 3, 3, 3, 3, 3, 4, 4, 4, 4, 4, 4, 4, 4, 4, 4, 4, 4, 4, 4, 4, 4], "iLeaf": [15, 16, 17, 18, 19, 20, 21, 22, 23, 24, 25, 26, 27, 28, 29, 30]}], [{"feature": [0, 1, 0, 2, 2, 1, 5, 3, 7, 3, 1, 2, 2, 1, 1, -2, -2, -2, -2, -2, -2, -2, -2, -2, -2, -2, -2, -2, -2, -2, -2], "threshold": [0.078125, 7.625, 0.203125, 0.0029296875, 0.0029296875, 9.875, 19.5, -6.5, 18.875, -10.5, 15.875, 0.0029296875, 0.0029296875, 10.375, 49.25, 0, 0, 0, 0, 0, 0, 0, 0, 0, 0, 0, 0, 0, 0, 0, 0], "children_left": [1, 3, 5, 7, 9, 11, 13, 15, 17, 19, 21, 23, 25, 27, 29, -1, -1, -1, -1, -1, -1, -1, -1, -1, -1, -1, -1, -1, -1, -1, -1], "children_right": [2, 4, 6, 8, 10, 12, 14, 16, 18, 20, 22, 24, 26, 28, 30, -1, -1, -1, -1, -1, -1, -1, -1, -1, -1, -1, -1, -1, -1, -1, -1], "value": [0, 0, 0, 0, 0, 0, 0, 0, 0, 0, 0, 0, 0, 0, 0, -0.287821323, 0.279561549, -0.438109398, -0.284507036, -0.496723443, 0.463173628, -0.110402688, 0.408169329, -0.156323507, -0.425076902, 0.408051938, -0.029376477, -0.432124108, -0.0886833891, -0.462875575, -0.249756515], "parent": [-1, 0, 0, 1, 1, 2, 2, 3, 3, 4, 4, 5, 5, 6, 6, 7, 7, 8, 8, 9, 9, 10, 10, 11, 11, 12, 12, 13, 13, 14, 14], "depth": [0, 1, 1, 2, 2, 2, 2, 3, 3, 3, 3, 3, 3, 3, 3, 4, 4, 4, 4, 4, 4, 4, 4, 4, 4, 4, 4, 4, 4, 4, 4], "iLeaf": [15, 16, 17, 18, 19, 20, 21, 22, 23, 24, 25, 26, 27, 28, 29, 30]}], [{"feature": [0, 1, 0, 2, 2, 1, 0, 3, 7, 3, 1, 7, 2, 2, 1, -2, -2, -2, -2, -2, -2, -2, -2, -2, -2, -2, -2, -2, -2, -2, -2], "threshold": [0.078125, 9.125, 0.203125, 0.0029296875, 0.0029296875, 8.375, 0.421875, 7.5, 22.125, 10.5, 20.875, 31.625, 0.0029296875, 0.0029296875, 5.625, 0, 0, 0, 0, 0, 0, 0, 0, 0, 0, 0, 0, 0, 0, 0, 0], "children_left": [1, 3, 5, 7, 9, 11, 13, 15, 17, 19, 21, 23, 25, 27, 29, -1, -1, -1, -1, -1, -1, -1, -1, -1, -1, -1, -1, -1, -1, -1, -1], "children_right": [2, 4, 6, 8, 10, 12, 14, 16, 18, 20, 22, 24, 26, 28, 30, -1, -1, -1, -1, -1, -1, -1, -1, -1, -1, -1, -1, -1, -1, -1, -1], "value": [0, 0, 0, 0, 0, 0, 0, 0, 0, 0, 0, 0, 0, 0, 0, 0.251400441, -0.382646173, -0.369759053, -0.189072713, 0.401628137, -0.414337307, 0.0466323867, 0.375292629, -0.373206437, -0.114594132, 0.33987537, -0.0458339825, -0.0837149173, -0.372966707, -0.403597027, -0.395437241], "parent": [-1, 0, 0, 1, 1, 2, 2, 3, 3, 4, 4, 5, 5, 6, 6, 7, 7, 8, 8, 9, 9, 10, 10, 11, 11, 12, 12, 13, 13, 14, 14], "depth": [0, 1, 1, 2, 2, 2, 2, 3, 3, 3, 3, 3, 3, 3, 3, 4, 4, 4, 4, 4, 4, 4, 4, 4, 4, 4, 4, 4, 4, 4, 4], "iLeaf": [15, 16, 17, 18, 19, 20, 21, 22, 23, 24, 25, 26, 27, 28, 29, 30]}], [{"feature": [0, 1, 5, 2, 2, 1, 1, 3, 7, 2, 0, 7, 2, 5, 0, -2, -2, -2, -2, -2, -2, -2, -2, -2, -2, -2, -2, -2, -2, -2, -2], "threshold": [0.109375, 9.875, 19.5, 0.0029296875, 0.0048828125, 7.625, 33.625, -7.5, 17.875, 0.0029296875, 0.015625, 31.375, 0.0029296875, 22.5, 0.484375, 0, 0, 0, 0, 0, 0, 0, 0, 0, 0, 0, 0, 0, 0, 0, 0], "children_left": [1, 3, 5, 7, 9, 11, 13, 15, 17, 19, 21, 23, 25, 27, 29, -1, -1, -1, -1, -1, -1, -1, -1, -1, -1, -1, -1, -1, -1, -1, -1], "children_right": [2, 4, 6, 8, 10, 12, 14, 16, 18, 20, 22, 24, 26, 28, 30, -1, -1, -1, -1, -1, -1, -1, -1, -1, -1, -1, -1, -1, -1, -1, -1], "value": [0, 0, 0, 0, 0, 0, 0, 0, 0, 0, 0, 0, 0, 0, 0, -0.319117695, 0.203186303, -0.326289624, -0.140005887, 0.365609556, 0.239198551, -0.250760943, -0.504288733, -0.348215073, -0.183860049, 0.340074927, -0.0966066122, -0.336261004, -0.367752582, 0.158031642, -0.323690653], "parent": [-1, 0, 0, 1, 1, 2, 2, 3, 3, 4, 4, 5, 5, 6, 6, 7, 7, 8, 8, 9, 9, 10, 10, 11, 11, 12, 12, 13, 13, 14, 14], "depth": [0, 1, 1, 2, 2, 2, 2, 3, 3, 3, 3, 3, 3, 3, 3, 4, 4, 4, 4, 4, 4, 4, 4, 4, 4, 4, 4, 4, 4, 4, 4], "iLeaf": [15, 16, 17, 18, 19, 20, 21, 22, 23, 24, 25, 26, 27, 28, 29, 30]}], [{"feature": [0, 1, 1, 5, 6, 5, 5, 7, 5, 1, 6, 1, 5, 4, 1, -2, -2, -2, -2, -2, -2, -2, -2, -2, -2, -2, -2, -2, -2, -2, -2], "threshold": [0.046875, 4.875, 14.625, 14.5, -10.5, 18.5, 21.5, 110.25, 24.5, 15.375, 9.5, 5.125, 21.5, 0.875, 34.875, 0, 0, 0, 0, 0, 0, 0, 0, 0, 0, 0, 0, 0, 0, 0, 0], "children_left": [1, 3, 5, 7, 9, 11, 13, 15, 17, 19, 21, 23, 25, 27, 29, -1, -1, -1, -1, -1, -1, -1, -1, -1, -1, -1, -1, -1, -1, -1, -1], "children_right": [2, 4, 6, 8, 10, 12, 14, 16, 18, 20, 22, 24, 26, 28, 30, -1, -1, -1, -1, -1, -1, -1, -1, -1, -1, -1, -1, -1, -1, -1, -1], "value": [0, 0, 0, 0, 0, 0, 0, 0, 0, 0, 0, 0, 0, 0, 0, -0.337250501, 0.0333464593, 0.136750802, -0.517995358, -0.369201928, 0.240907267, 0.340516388, -0.129052043, -0.309370518, -0.0476103425, -0.297872573, -0.34534353, 0.29169783, -0.156954423, -0.328685343, -0.0667880774], "parent": [-1, 0, 0, 1, 1, 2, 2, 3, 3, 4, 4, 5, 5, 6, 6, 7, 7, 8, 8, 9, 9, 10, 10, 11, 11, 12, 12, 13, 13, 14, 14], "depth": [0, 1, 1, 2, 2, 2, 2, 3, 3, 3, 3, 3, 3, 3, 3, 4, 4, 4, 4, 4, 4, 4, 4, 4, 4, 4, 4, 4, 4, 4, 4], "iLeaf": [15, 16, 17, 18, 19, 20, 21, 22, 23, 24, 25, 26, 27, 28, 29, 30]}], [{"feature": [0, 1, 0, 2, 2, 1, 0, 3, 3, 5, 1, 7, 2, 2, 0, -2, -2, -2, -2, -2, -2, -2, -2, -2, -2, -2, -2, -2, -2, -2, -2], "threshold": [0.109375, 12.125, 0.296875, 0.0029296875, 0.0029296875, 6.625, 0.421875, 5.5, -4.5, 26.5, 23.625, 25.875, 0.0048828125, 0.0029296875, 0.578125, 0, 0, 0, 0, 0, 0, 0, 0, 0, 0, 0, 0, 0, 0, 0, 0], "children_left": [1, 3, 5, 7, 9, 11, 13, 15, 17, 19, 21, 23, 25, 27, 29, -1, -1, -1, -1, -1, -1, -1, -1, -1, -1, -1, -1, -1, -1, -1, -1], "children_right": [2, 4, 6, 8, 10, 12, 14, 16, 18, 20, 22, 24, 26, 28, 30, -1, -1, -1, -1, -1, -1, -1, -1, -1, -1, -1, -1, -1, -1, -1, -1], "value": [0, 0, 0, 0, 0, 0, 0, 0, 0, 0, 0, 0, 0, 0, 0, 0.190712884, -0.260112375, -0.344277024, -0.143385604, 0.329174787, -0.631823301, 0.00465062493, 0.299573749, -0.301214039, -0.11696256, 0.0814454108, -0.362270325, -0.038969487, -0.29261294, -0.312097639, -0.332171798], "parent": [-1, 0, 0, 1, 1, 2, 2, 3, 3, 4, 4, 5, 5, 6, 6, 7, 7, 8, 8, 9, 9, 10, 10, 11, 11, 12, 12, 13, 13, 14, 14], "depth": [0, 1, 1, 2, 2, 2, 2, 3, 3, 3, 3, 3, 3, 3, 3, 4, 4, 4, 4, 4, 4, 4, 4, 4, 4, 4, 4, 4, 4, 4, 4], "iLeaf": [15, 16, 17, 18, 19, 20, 21, 22, 23, 24, 25, 26, 27, 28, 29, 30]}], [{"feature": [0, 1, 0, 7, 6, 1, 0, 5, 3, 2, 6, 7, 2, 2, 0, -2, -2, -2, -2, -2, -2, -2, -2, -2, -2, -2, -2, -2, -2, -2, -2], "threshold": [0.046875, 11.625, 0.265625, 22.625, -7.5, 5.875, 0.421875, 15.5, -7.5, 0.0029296875, 6.5, 16.625, 0.0029296875, 0.0029296875, 0.578125, 0, 0, 0, 0, 0, 0, 0, 0, 0, 0, 0, 0, 0, 0, 0, 0], "children_left": [1, 3, 5, 7, 9, 11, 13, 15, 17, 19, 21, 23, 25, 27, 29, -1, -1, -1, -1, -1, -1, -1, -1, -1, -1, -1, -1, -1, -1, -1, -1], "children_right": [2, 4, 6, 8, 10, 12, 14, 16, 18, 20, 22, 24, 26, 28, 30, -1, -1, -1, -1, -1, -1, -1, -1, -1, -1, -1, -1, -1, -1, -1, -1], "value": [0, 0, 0, 0, 0, 0, 0, 0, 0, 0, 0, 0, 0, 0, 0, -0.203315035, 0.0597705357, -0.333177835, 0.240727827, 0.185267359, -0.291025013, 0.318895489, 0.127784654, -0.288417011, -0.113826856, 0.223361507, -0.068100743, -0.00587132573, -0.265845954, -0.29394269, -0.321429193],