{"max_depth": 4, "n_trees": 10, "n_classes": 2, "n_features": 11, "trees": [[{"feature": [0, 2, 2, 0, 0, 1, 0, 5, 5, 5, 5, 6, 6, 5, 1, -2, -2, -2, -2, -2, -2, -2, -2, -2, -2, -2, -2, -2, -2, -2, -2], "threshold": [24.1247444, 0.243164062, 0.254882812, 12.1225872, 12.5398884, 0.203125, 46.209549, 0.0935158357, 0.590456307, 0.0830777138, 0.25757885, 343.5, 339.5, 1.02576303, 0.203125, 0, 0, 0, 0, 0, 0, 0, 0, 0, 0, 0, 0, 0, 0, 0, 0], "children_left": [1, 3, 5, 7, 9, 11, 13, 15, 17, 19, 21, 23, 25, 27, 29, -1, -1, -1, -1, -1, -1, -1, -1, -1, -1, -1, -1, -1, -1, -1, -1], "children_right": [2, 4, 6, 8, 10, 12, 14, 16, 18, 20, 22, 24, 26, 28, 30, -1, -1, -1, -1, -1, -1, -1, -1, -1, -1, -1, -1, -1, -1, -1, -1], "value": [0, 0, 0, 0, 0, 0, 0, 0, 0, 0, 0, 0, 0, 0, 0, 0.401706636, -0.452780813, 0.51271975, -0.202294931, -0.287739187, -0.568188131, 0.440225393, -0.463521808, 0.582451701, -0.11059431, 0.182720467, -0.51681143, -0.197602123, -0.568041623, 0.451485664, -0.499475181], "parent": [-1, 0, 0, 1, 1, 2, 2, 3, 3, 4, 4, 5, 5, 6, 6, 7, 7, 8, 8, 9, 9, 10, 10, 11, 11, 12, 12, 13, 13, 14, 14], "depth": [0, 1, 1, 2, 2, 2, 2, 3, 3, 3, 3, 3, 3, 3, 3, 4, 4, 4, 4, 4, 4, 4, 4, 4, 4, 4, 4, 4, 4, 4, 4], "iLeaf": [15, 16, 17, 18, 19, 20, 21, 22, 23, 24, 25, 26, 27, 28, 29, 30]}], [{"feature": [0, 2, 2, 8, 0, 1, 1, 0, 3, 8, 2, 3, 5, 0, 0, -2, -2, -2, -2, -2, -2, -2, -2, -2, -2, -2, -2, -2, -2, -2, -2], "threshold": [22.4866447, 0.249023438, 0.254882812, 6.5, 9.14137268, 0.171875, 0.203125, 15.4685268, 0.0109083056, 7.5, 0.262695312, -0.0109083056, 1.02087116, 35.0835876, 83.165451, 0, 0, 0, 0, 0, 0, 0, 0, 0, 0, 0, 0, 0, 0, 0, 0], "children_left": [1, 3, 5, 7, 9, 11, 13, 15, 17, 19, 21, 23, 25, 27, 29, -1, -1, -1, -1, -1, -1, -1, -1, -1, -1, -1, -1, -1, -1, -1, -1], "children_right": [2, 4, 6, 8, 10, 12, 14, 16, 18, 20, 22, 24, 26, 28, 30, -1, -1, -1, -1, -1, -1, -1, -1, -1, -1, -1, -1, -1, -1, -1, -1], "value": [0, 0, 0, 0, 0, 0, 0, 0, 0, 0, 0, 0, 0, 0, 0, -0.402807057, -0.00627066707, 0.103739321, -0.475960582, -0.463116616, -0.414909542, -0.301789075, -0.419424295, -0.586886823, 0.446928918, 0.129820362, -0.435338318, -0.250656426, 0.303268224, -0.461880744, -0.132009611], "parent": [-1, 0, 0, 1, 1, 2, 2, 3, 3, 4, 4, 5, 5, 6, 6, 7, 7, 8, 8, 9, 9, 10, 10, 11, 11, 12, 12, 13, 13, 14, 14], "depth": [0, 1, 1, 2, 2, 2, 2, 3, 3, 3, 3, 3, 3, 3, 3, 4, 4, 4, 4, 4, 4, 4, 4, 4, 4, 4, 4, 4, 4, 4, 4], "iLeaf": [15, 16, 17, 18, 19, 20, 21, 22, 23, 24, 25, 26, 27, 28, 29, 30]}], [{"feature": [0, 2, 1, 0, 2, 2, 6, 5, 5, 3, 0, 5, 4, 5, 2, -2, -2, -2, -2, -2, -2, -2, -2, -2, -2, -2, -2, -2, -2, -2, -2], "threshold": [25.8969421, 0.241210938, 0.203125, 9.0957222, 0.258789062, 0.274414062, 337.5, 0.0689245611, 0.37235409, -0.00872664806, 10.2856579, 1.19095445, 0.0087266434, 1.08571434, 0.233398438, 0, 0, 0, 0, 0, 0, 0, 0, 0, 0, 0, 0, 0, 0, 0, 0], "children_left": [1, 3, 5, 7, 9, 11, 13, 15, 17, 19, 21, 23, 25, 27, 29, -1, -1, -1, -1, -1, -1, -1, -1, -1, -1, -1, -1, -1, -1, -1, -1], "children_right": [2, 4, 6, 8, 10, 12, 14, 16, 18, 20, 22, 24, 26, 28, 30, -1, -1, -1, -1, -1, -1, -1, -1, -1, -1, -1, -1, -1, -1, -1, -1], "value": [0, 0, 0, 0, 0, 0, 0, 0, 0, 0, 0, 0, 0, 0, 0, 0.467275113, -0.331009716, 0.468796223, -0.0931802914, -0.411131382, -0.205374092, -0.390126109, -0.335285783, 0.391201168, 0.140601158, -0.172269225, -0.53807652, 0.19014746, -0.346166521, -0.084321335, -0.380298674], "parent": [-1, 0, 0, 1, 1, 2, 2, 3, 3, 4, 4, 5, 5, 6, 6, 7, 7, 8, 8, 9, 9, 10, 10, 11, 11, 12, 12, 13, 13, 14, 14], "depth": [0, 1, 1, 2, 2, 2, 2, 3, 3, 3, 3, 3, 3, 3, 3, 4, 4, 4, 4, 4, 4, 4, 4, 4, 4, 4, 4, 4, 4, 4, 4], "iLeaf": [15, 16, 17, 18, 19, 20, 21, 22, 23, 24, 25, 26, 27, 28, 29, 30]}], [{"feature": [0, 8, 2, 0, 5, 6, 5, 5, 5, 0, 3, 5, 0, 2, 0, -2, -2, -2, -2, -2, -2, -2, -2, -2, -2, -2, -2, -2, -2, -2, -2], "threshold": [19.9062119, 6.5, 0.254882812, 11.2144814, 0.126289204, 341.5, 1.03421664, 0.0608005449, 0.265884489, 3.27642488, -0.00654497743, 1.04341936, 62.6280708, 0.268554688, 80.6542969, 0, 0, 0, 0, 0, 0, 0, 0, 0, 0, 0, 0, 0, 0, 0, 0], "children_left": [1, 3, 5, 7, 9, 11, 13, 15, 17, 19, 21, 23, 25, 27, 29, -1, -1, -1, -1, -1, -1, -1, -1, -1, -1, -1, -1, -1, -1, -1, -1], "children_right": [2, 4, 6, 8, 10, 12, 14, 16, 18, 20, 22, 24, 26, 28, 30, -1, -1, -1, -1, -1, -1, -1, -1, -1, -1, -1, -1, -1, -1, -1, -1], "value": [0, 0, 0, 0, 0, 0, 0, 0, 0, 0, 0, 0, 0, 0, 0, 0.391066223, -0.351812541, 0.404292732, -0.22592251, -0.175614461, 0.488034517, -0.359102011, -0.080776915, 0.358068585, 0.123047933, -0.421828568, 0.282547832, 0.198978916, -0.186135069, -0.351472169, 0.300768703], "parent": [-1, 0, 0, 1, 1, 2, 2, 3, 3, 4, 4, 5, 5, 6, 6, 7, 7, 8, 8, 9, 9, 10, 10, 11, 11, 12, 12, 13, 13, 14, 14], "depth": [0, 1, 1, 2, 2, 2, 2, 3, 3, 3, 3, 3, 3, 3, 3, 4, 4, 4, 4, 4, 4, 4, 4, 4, 4, 4, 4, 4, 4, 4, 4], "iLeaf": [15, 16, 17, 18, 19, 20, 21, 22, 23, 24, 25, 26, 27, 28, 29, 30]}], [{"feature": [0, 2, 1, 3, 3, 4, 6, 5, 3, 3, 5, 9, 4, 5, 2, -2, -2, -2, -2, -2, -2, -2, -2, -2, -2, -2, -2, -2, -2, -2, -2], "threshold": [31.3137779, 0.249023438, 0.171875, -0.0109083056, 0.0109083056, -0.0174532924, 339.5, 0.0708705336, 0.00654497743, -0.00872663409, 0.0521027669, 0.5, 0.0130899698, 1.51437449, 0.225585938, 0, 0, 0, 0, 0, 0, 0, 0, 0, 0, 0, 0, 0, 0, 0, 0], "children_left": [1, 3, 5, 7, 9, 11, 13, 15, 17, 19, 21, 23, 25, 27, 29, -1, -1, -1, -1, -1, -1, -1, -1, -1, -1, -1, -1, -1, -1, -1, -1], "children_right": [2, 4, 6, 8, 10, 12, 14, 16, 18, 20, 22, 24, 26, 28, 30, -1, -1, -1, -1, -1, -1, -1, -1, -1, -1, -1, -1, -1, -1, -1, -1], "value": [0, 0, 0, 0, 0, 0, 0, 0, 0, 0, 0, 0, 0, 0, 0, -0.0512840636, -0.376009464, 0.113459133, -0.325132996, -0.336053014, -0.185071662, 0.415165156, -0.358390868, -0.616340399, 0.346859634, 0.338661879, -0.0431518145, 0.202535972, -0.335723847, 0.406291395, -0.29710865], "parent": [-1, 0, 0, 1, 1, 2, 2, 3, 3, 4, 4, 5, 5, 6, 6, 7, 7, 8, 8, 9, 9, 10, 10, 11, 11, 12, 12, 13, 13, 14, 14], "depth": [0, 1, 1, 2, 2, 2, 2, 3, 3, 3, 3, 3, 3, 3, 3, 4, 4, 4, 4, 4, 4, 4, 4, 4, 4, 4, 4, 4, 4, 4, 4], "iLeaf": [15, 16, 17, 18, 19, 20, 21, 22, 23, 24, 25, 26, 27, 28, 29, 30]}], [{"feature": [0, 3, 2, 3, 5, 6, 6, 3, 5, -2, 5, 3, 2, 3, 5, -2, -2, -2, -2, -2, -2, -2, -2, -2, -2, -2, -2, -2, -2, -2, -2], "threshold": [32.0955429, 0.0109083056, 0.266601562, -0.00654497743, 0.0592023134, 342.5, 338.5, -0.0109083056, 0.761278868, 0, 1.11240482, -0.0109083056, 0.227539062, -0.0130899772, 0.595815599, 0, 0, 0, 0, 0, 0, 0, 0, 0, 0, 0, 0, 0, 0, -2.0, -2.0], "children_left": [1, 3, 5, 7, 9, 11, 13, 15, 17, 29, 19, 21, 23, 25, 27, -1, -1, -1, -1, -1, -1, -1, -1, -1, -1, -1, -1, -1, -1, -1, -1], "children_right": [2, 4, 6, 8, 10, 12, 14, 16, 18, 30, 20, 22, 24, 26, 28, -1, -1, -1, -1, -1, -1, -1, -1, -1, -1, -1, -1, -1, -1, -1, -1], "value": [0, 0, 0, 0, 0, 0, 0, 0, 0, 0.521494329, 0, 0, 0, 0, 0, -0.334777474, -0.184013203, 0.118270233, -0.213386834, -0.340730965, -0.42671594, -0.463952929, 0.321896374, 0.385823518, -0.235897571, -0.548323214, 0.09672416, -0.000523518131, -0.324954093, 0.521494329, 0.521494329], "parent": [-1, 0, 0, 1, 1, 2, 2, 3, 3, 4, 4, 5, 5, 6, 6, 7, 7, 8, 8, 10, 10, 11, 11, 12, 12, 13, 13, 14, 14, 9, 9], "depth": [0, 1, 1, 2, 2, 2, 2, 3, 3, 3, 3, 3, 3, 3, 3, 4, 4, 4, 4, 4, 4, 4, 4, 4, 4, 4, 4, 4, 4, 4, 4], "iLeaf": [15, 16, 17, 18, 19, 20, 21, 22, 23, 24, 25, 26, 27, 28, 29, 30]}], [{"feature": [0, 5, 5, 0, 0, 6, 0, 5, 2, 8, 5, 2, 0, 0, 4, -2, -2, -2, -2, -2, -2, -2, -2, -2, -2, -2, -2, -2, -2, -2, -2], "threshold": [17.5982437, 0.113613315, 1.02527952, 3.28676987, 7.2881031, 340.5, 63.3542099, 0.0497374982, 0.271484375, 9.5, 0.294834733, 0.276367188, 48.4636917, 40.7022247, 0.0130899698, 0, 0, 0, 0, 0, 0, 0, 0, 0, 0, 0, 0, 0, 0, 0, 0], "children_left": [1, 3, 5, 7, 9, 11, 13, 15, 17, 19, 21, 23, 25, 27, 29, -1, -1, -1, -1, -1, -1, -1, -1, -1, -1, -1, -1, -1, -1, -1, -1],