{"max_depth": 4, "n_trees": 10, "n_classes": 2, "n_features": 10, "trees": [[{"feature": [0, 2, 0, 1, 1, 1, 0, 4, 3, 1, 2, 2, 2, 2, 5, -2, -2, -2, -2, -2, -2, -2, -2, -2, -2, -2, -2, -2, -2, -2, -2], "threshold": [0.102500275, 0.00423915219, 0.207017839, 4.76787853, 12.1134834, 9.91693306, 0.316134155, 0.0758866072, 0.044542253, 7.04443073, 0.00472493796, 0.00427229702, 0.00459112832, 0.00415007258, 336.498901, 0, 0, 0, 0, 0, 0, 0, 0, 0, 0, 0, 0, 0, 0, 0, 0], "children_left": [1, 3, 5, 7, 9, 11, 13, 15, 17, 19, 21, 23, 25, 27, 29, -1, -1, -1, -1, -1, -1, -1, -1, -1, -1, -1, -1, -1, -1, -1, -1], "children_right": [2, 4, 6, 8, 10, 12, 14, 16, 18, 20, 22, 24, 26, 28, 30, -1, -1, -1, -1, -1, -1, -1, -1, -1, -1, -1, -1, -1, -1, -1, -1], "value": [0, 0, 0, 0, 0, 0, 0, 0, 0, 0, 0, 0, 0, 0, 0, 0.53555876, -0.329128295, 0.591878235, -0.404340923, -0.574426353, -0.388328284, 0.41751039, -0.262071699, -0.338589638, -0.573192477, 0.436846167, -0.396483034, -0.265563816, -0.564068913, -0.547571778, -0.597415924], "parent": [-1, 0, 0, 1, 1, 2, 2, 3, 3, 4, 4, 5, 5, 6, 6, 7, 7, 8, 8, 9, 9, 10, 10, 11, 11, 12, 12, 13, 13, 14, 14], "depth": [0, 1, 1, 2, 2, 2, 2, 3, 3, 3, 3, 3, 3, 3, 3, 4, 4, 4, 4, 4, 4, 4, 4, 4, 4, 4, 4, 4, 4, 4, 4], "iLeaf": [15, 16, 17, 18, 19, 20, 21, 22, 23, 24, 25, 26, 27, 28, 29, 30]}], [{"feature": [0, 2, 0, 1, 1, 1, 5, 4, 6, 2, 2, 1, 2, 1, 1, -2, -2, -2, -2, -2, -2, -2, -2, -2, -2, -2, -2, -2, -2, -2, -2], "threshold": [0.0931937248, 0.00433633663, 0.198936537, 6.07829475, 12.0674105, 10.7162304, 338.913391, 0.0903188437, -0.0476637483, 0.00469786208, 0.00516080204, 5.92422915, 0.004291269, 8.42017937, 33.5916214, 0, 0, 0, 0, 0, 0, 0, 0, 0, 0, 0, 0, 0, 0, 0, 0], "children_left": [1, 3, 5, 7, 9, 11, 13, 15, 17, 19, 21, 23, 25, 27, 29, -1, -1, -1, -1, -1, -1, -1, -1, -1, -1, -1, -1, -1, -1, -1, -1], "children_right": [2, 4, 6, 8, 10, 12, 14, 16, 18, 20, 22, 24, 26, 28, 30, -1, -1, -1, -1, -1, -1, -1, -1, -1, -1, -1, -1, -1, -1, -1, -1], "value": [0, 0, 0, 0, 0, 0, 0, 0, 0, 0, 0, 0, 0, 0, 0, 0.394406229, -0.193612903, -0.0194158405, 0.460030645, -0.338558376, -0.459011644, 0.21698609, -0.317641824, -0.430070281, -0.173230529, 0.378736287, -0.190694973, -0.441411018, -0.0838188007, -0.46207574, -0.316110015], "parent": [-1, 0, 0, 1, 1, 2, 2, 3, 3, 4, 4, 5, 5, 6, 6, 7, 7, 8, 8, 9, 9, 10, 10, 11, 11, 12, 12, 13, 13, 14, 14], "depth": [0, 1, 1, 2, 2, 2, 2, 3, 3, 3, 3, 3, 3, 3, 3, 4, 4, 4, 4, 4, 4, 4, 4, 4, 4, 4, 4, 4, 4, 4, 4], "iLeaf": [15, 16, 17, 18, 19, 20, 21, 22, 23, 24, 25, 26, 27, 28, 29, 30]}], [{"feature": [0, 2, 0, 1, 1, 1, 0, 4, 3, 1, 2, 7, 2, 2, 0, -2, -2, -2, -2, -2, -2, -2, -2, -2, -2, -2, -2, -2, -2, -2, -2], "threshold": [0.108599946, 0.00411765324, 0.257853508, 3.83754063, 15.3026218, 8.38203621, 0.426873684, 0.0705884546, -0.0439795256, 8.8568058, 0.00472493796, 37.9184952, 0.00459140027, 0.00408505136, 0.596040606, 0, 0, 0, 0, 0, 0, 0, 0, 0, 0, 0, 0, 0, 0, 0, 0], "children_left": [1, 3, 5, 7, 9, 11, 13, 15, 17, 19, 21, 23, 25, 27, 29, -1, -1, -1, -1, -1, -1, -1, -1, -1, -1, -1, -1, -1, -1, -1, -1], "children_right": [2, 4, 6, 8, 10, 12, 14, 16, 18, 20, 22, 24, 26, 28, 30, -1, -1, -1, -1, -1, -1, -1, -1, -1, -1, -1, -1, -1, -1, -1, -1], "value": [0, 0, 0, 0, 0, 0, 0, 0, 0, 0, 0, 0, 0, 0, 0, 0.360115528, -0.266726345, -0.566511095, 0.396143049, -0.373817444, -0.119338065, 0.324139595, -0.113549523, -0.378517151, -0.159147412, 0.269364327, -0.290899038, -0.162186742, -0.383457094, -0.391492963, -0.403215677], "parent": [-1, 0, 0, 1, 1, 2, 2, 3, 3, 4, 4, 5, 5, 6, 6, 7, 7, 8, 8, 9, 9, 10, 10, 11, 11, 12, 12, 13, 13, 14, 14], "depth": [0, 1, 1, 2, 2, 2, 2, 3, 3, 3, 3, 3, 3, 3, 3, 4, 4, 4, 4, 4, 4, 4, 4, 4, 4, 4, 4, 4, 4, 4, 4], "iLeaf": [15, 16, 17, 18, 19, 20, 21, 22, 23, 24, 25, 26, 27, 28, 29, 30]}], [{"feature": [0, 1, 0, 2, 2, 1, 5, 7, 7, 3, 1, 7, 2, 1, 1, -2, -2, -2, -2, -2, -2, -2, -2, -2, -2, -2, -2, -2, -2, -2, -2], "threshold": [0.0814446807, 9.09255219, 0.219549716, 0.00384771405, 0.00455440022, 7.94419003, 337.942963, 13.7400427, 17.7174721, 0.0458523035, 26.5934982, 17.9247551, 0.00404346921, 7.58592796, 49.3432198, 0, 0, 0, 0, 0, 0, 0, 0, 0, 0, 0, 0, 0, 0, 0, 0], "children_left": [1, 3, 5, 7, 9, 11, 13, 15, 17, 19, 21, 23, 25, 27, 29, -1, -1, -1, -1, -1, -1, -1, -1, -1, -1, -1, -1, -1, -1, -1, -1], "children_right": [2, 4, 6, 8, 10, 12, 14, 16, 18, 20, 22, 24, 26, 28, 30, -1, -1, -1, -1, -1, -1, -1, -1, -1, -1, -1, -1, -1, -1, -1, -1], "value": [0, 0, 0, 0, 0, 0, 0, 0, 0, 0, 0, 0, 0, 0, 0, -0.0287519488, 0.32035023, -0.35750407, -0.118565641, 0.364562541, -0.593852341, -0.215829432, 0.387573928, -0.345081568, -0.12997435, 0.286394, -0.122290775, -0.339857399, -0.0205406845, -0.364298671, -0.089609094], "parent": [-1, 0, 0, 1, 1, 2, 2, 3, 3, 4, 4, 5, 5, 6, 6, 7, 7, 8, 8, 9, 9, 10, 10, 11, 11, 12, 12, 13, 13, 14, 14], "depth": [0, 1, 1, 2, 2, 2, 2, 3, 3, 3, 3, 3, 3, 3, 3, 4, 4, 4, 4, 4, 4, 4, 4, 4, 4, 4, 4, 4, 4, 4, 4], "iLeaf": [15, 16, 17, 18, 19, 20, 21, 22, 23, 24, 25, 26, 27, 28, 29, 30]}], [{"feature": [0, 1, 0, 4, 2, 1, 0, 2, 7, 3, 1, 2, 4, 2, 4, -2, -2, -2, -2, -2, -2, -2, -2, -2, -2, -2, -2, -2, -2, -2, -2], "threshold": [0.0784437507, 7.52168751, 0.259991527, 0.116215006, 0.00444816425, 14.6852169, 0.438829601, 0.00400593411, 18.9371338, 0.044542253, 21.1067772, 0.00449881982, 0.941822648, 0.00408505136, 0.356949031, 0, 0, 0, 0, 0, 0, 0, 0, 0, 0, 0, 0, 0, 0, 0, 0], "children_left": [1, 3, 5, 7, 9, 11, 13, 15, 17, 19, 21, 23, 25, 27, 29, -1, -1, -1, -1, -1, -1, -1, -1, -1, -1, -1, -1, -1, -1, -1, -1], "children_right": [2, 4, 6, 8, 10, 12, 14, 16, 18, 20, 22, 24, 26, 28, 30, -1, -1, -1, -1, -1, -1, -1, -1, -1, -1, -1, -1, -1, -1, -1, -1], "value": [0, 0, 0, 0, 0, 0, 0, 0, 0, 0, 0, 0, 0, 0, 0, 0.278059006, -0.234704882, -0.319239199, 0.0156999063, 0.340262145, -0.478764683, -0.159570664, 0.254121304, -0.0702210814, -0.319589317, 0.290958941, -0.218047276, -0.0592720471, -0.316067547, -0.34721908, -0.333061457], "parent": [-1, 0, 0, 1, 1, 2, 2, 3, 3, 4, 4, 5, 5, 6, 6, 7, 7, 8, 8, 9, 9, 10, 10, 11, 11, 12, 12, 13, 13, 14, 14], "depth": [0, 1, 1, 2, 2, 2, 2, 3, 3, 3, 3, 3, 3, 3, 3, 4, 4, 4, 4, 4, 4, 4, 4, 4, 4, 4, 4, 4, 4, 4, 4], "iLeaf": [15, 16, 17, 18, 19, 20, 21, 22, 23, 24, 25, 26, 27, 28, 29, 30]}], [{"feature": [0, 1, 5, 2, 2, 1, 1, 3, 7, 5, 2, 7, 2, 5, 0, -2, -2, -2, -2, -2, -2, -2, -2, -2, -2, -2, -2, -2, -2, -2, -2], "threshold": [0.132286102, 11.1075611, 339.473572, 0.00380418263, 0.00457060989, 6.27763939, 33.5916214, 0.0322747231, 18.1147385, 347.105713, 0.00554868625, 19.9510918, 0.00432306202, 342.794434, 0.453273535, 0, 0, 0, 0, 0, 0, 0, 0, 0, 0, 0, 0, 0, 0, 0, 0], "children_left": [1, 3, 5, 7, 9, 11, 13, 15, 17, 19, 21, 23, 25, 27, 29, -1, -1, -1, -1, -1, -1, -1, -1, -1, -1, -1, -1, -1, -1, -1, -1], "children_right": [2, 4, 6, 8, 10, 12, 14, 16, 18, 20, 22, 24, 26, 28, 30, -1, -1, -1, -1, -1, -1, -1, -1, -1, -1, -1, -1, -1, -1, -1, -1], "value": [0, 0, 0, 0, 0, 0, 0, 0, 0, 0, 0, 0, 0, 0, 0, 0.201976731, -0.273251474, -0.287404537, -0.0687569752, 0.324320793, -1.23403573, 0.0240980554, -0.36240238, -0.313512325, -0.151466578, 0.249112248, -0.193345979, -0.284256786, -0.330878079, 0.270352989, -0.258987129], "parent": [-1, 0, 0, 1, 1, 2, 2, 3, 3, 4, 4, 5, 5, 6, 6, 7, 7, 8, 8, 9, 9, 10, 10, 11, 11, 12, 12, 13, 13, 14, 14], "depth": [0, 1, 1, 2, 2, 2, 2, 3, 3, 3, 3, 3, 3, 3, 3, 4, 4, 4, 4, 4, 4, 4, 4, 4, 4, 4, 4, 4, 4, 4, 4], "iLeaf": [15, 16, 17, 18, 19, 20, 21, 22, 23, 24, 25, 26, 27, 28, 29, 30]}], [{"feature": [0, 1, 0, 4, 2, 1, 0, 1, 3, 6, 1, 7, 2, 2, 5, -2, -2, -2, -2, -2, -2, -2, -2, -2, -2, -2, -2, -2, -2, -2, -2], "threshold": [0.0734137073, 9.88162613, 0.316134155, 0.101229154, 0.00415396178, 6.57896662, 0.457597584, 2.52174997, -0.0294293761, -0.0432249308, 25.0046425, 17.9247551, 0.0051656561, 0.00401995704, 334.857513, 0, 0, 0, 0, 0, 0, 0, 0, 0, 0, 0, 0, 0, 0, 0, 0],